VLDFAPPGA,RMFPNAPYL,NLVPMVATV,GILGFVFTL,GLCTLVAML,YLQPRTFLL,ELAGIGILTV,ID,Cohort,A2
0.009843338,0.011922917,0.00776376,0.005406904,0.017052544,0.0097047,0.0097047,CML-PB-1,CML-PB,NA
0.008225,0.007025,0.008475,0.00565,0.0121,0.00285,0.0073,CML-PB-2,CML-PB,NA
0.049875,0.00505,0.0037,0.005875,0.00555,0.006525,0.003625,CML-PB-3,CML-PB,NA
0.014614576,0.010841532,0.005826727,0.005683446,0.010077371,0.006447607,0.022494985,CML-PB-4,CML-PB,NA
0.007816741,0.00390837,0.01058517,0.00314841,0.00797959,0.002008468,0.006513951,CML-PB-5,CML-PB,NA
0.027755879,0.012722577,0.004648634,0.005545739,0.009297268,0.004893299,0.005246704,CML-PB-6,CML-PB,NA
0.012168768,0.011937227,0.002727039,0.006020067,0.009210188,0.003344482,0.005042449,CML-PB-7,CML-PB,NA
0.014925,0.00755,0.006,0.006325,0.011025,0.0047,0.00735,CML-PB-8,CML-PB,NA
0.010071415,0.008423366,0.008789599,0.006958433,0.013001282,0.00384545,0.011536349,CML-PB-9,CML-PB,NA
0.009920699,0.008796995,0.004944296,0.00645327,0.009471217,0.004783767,0.008026455,CML-PB-10,CML-PB,NA
0.014082728,0.010862015,0.007199242,0.009472687,0.004988949,0.005241554,0.01111462,CML-PB-11,CML-PB,NA
0.021485287,0.010275572,0.008874358,0.009341429,0.013545072,0.007473143,0.010275572,CML-PB-12,CML-PB,NA
0.020434227,0.017879949,0.005108557,0.001277139,0.006385696,0.006385696,0.006385696,CML-PB-SC-1,CML-PB-SC,no
0.004163775,0.002081888,0,0,0.000693963,0.032616239,0.000693963,CML-PB-SC-2,CML-PB-SC,no
0.008466604,0.002822201,0,0.009407338,0,0.003762935,0,CML-PB-SC-3,CML-PB-SC,no
0.00942285,0.012956419,0.007067138,0.003533569,0.024734982,0.002355713,0,CML-PB-SC-4,CML-PB-SC,yes
0.025983146,0.011938202,0.000702247,0.038623596,0.000702247,0.007022472,0.004213483,CML-PB-SC-5,CML-PB-SC,no
0.009208103,0.005524862,0.011049724,0.003683241,0.042357274,0.011049724,0.003683241,CML-PB-SC-6,CML-PB-SC,yes
0.009017133,0.013525699,0.006311993,0.00270514,0.004508566,0,0.003606853,AML-BM-SC-1,AML-BM-SC,no
0.020971302,0.016556291,0.001103753,0.006622517,0.002207506,0,0,AML-BM-SC-2,AML-BM-SC,no
0.004564126,0.002282063,0.000456413,0.051574623,0.004107713,0.003194888,0.002282063,AML-BM-SC-3,AML-BM-SC,no
0.01330511,0.129724826,0.000302389,0.018445721,0.007862111,0.006350166,0.003628666,AML-BM-SC-4,AML-BM-SC,yes
0.006610577,0.109375,0.138221154,0.000600962,0.014423077,0.000901442,0.001201923,AML-BM-SC-5,AML-BM-SC,yes
0.003293085,0.013172338,0.019758507,0.008781559,0.009879254,0.004390779,0.008781559,AML-BM-SC-6,AML-BM-SC,yes
0.006519967,0.00407498,0.004889976,0.010594947,0.006519967,0.004889976,0.004889976,AML-BM-SC-7,AML-BM-SC,yes
0.01776701,0.008075914,0.002220876,0.004845548,0.00565314,0.009691096,0.010700586,CML-BM-1,CML-BM,NA
0.006780722,0.011162111,0.007928229,0.009493011,0.010536199,0.006676403,0.009075735,CML-BM-2,CML-BM,NA
0.016164994,0.011705686,0.002229654,0.005016722,0.012263099,0.001114827,0.011705686,CML-BM-3,CML-BM,NA
0.008738278,0.008525149,0.009164535,0.009164535,0.009377664,0.004901961,0.010656436,CML-BM-4,CML-BM,NA
0.021126761,0.011413307,0.01056338,0.007770763,0.006799417,0.004978145,0.011170471,CML-BM-5,CML-BM,NA
0.011369509,0.005167959,0.005684755,0.004134367,0.005684755,0.004134367,0.003100775,CML-BM-6,CML-BM,NA
0.009107683,0.011031288,0.008440309,0.00914694,0.012758607,0.004671613,0.009186197,CML-BM-7,CML-BM,NA
0.00908501,0.017845555,0.007462687,0.009409474,0.009409474,0.00421804,0.005515899,CML-BM-8,CML-BM,NA
0.035897823,0.014699214,0.010485943,0.007859734,0.015095979,0.007198458,0.010315901,CML-BM-9,CML-BM,NA
0.02325,0.015925,0.00775,0.0097,0.0125,0.0046,0.007225,CML-BM-10,CML-BM,NA
0.0105,0.00695,0.00365,0.003875,0.009275,0.0069,0.003525,CML-BM-11,CML-BM,NA
0.020975,0.0068,0.004725,0.00485,0.011475,0.005075,0.004025,CML-BM-12,CML-BM,NA
0.0058,0.00635,0.007375,0.004325,0.006725,0.002525,0.005225,CML-BM-13,CML-BM,NA
0.0103,0.0127,0.009475,0.006625,0.021625,0.00415,0.0111,CML-BM-14,CML-BM,NA
0.016890214,0.005464481,0.006458023,0.005961252,0.012419275,0.003974168,0.011922504,AML-BM-1,AML-BM,no
0.015842451,0.009190372,0.005164114,0.009015317,0.010678337,0.012954048,0.013654267,AML-BM-2,AML-BM,no
0.010478128,0.009664293,0.007629705,0.009460834,0.012614446,0.006917599,0.008138352,AML-BM-3,AML-BM,yes
0.012026541,0.006911805,0.004077965,0.007395632,0.008086812,0.004216201,0.006704451,AML-BM-4,AML-BM,yes
0.016518424,0.01070168,0.015078357,0.010052238,0.013864182,0.005449668,0.0108711,AML-BM-5,AML-BM,yes
0.012769033,0.009717314,0.006826213,0.004416961,0.00795053,0.006023129,0.00795053,AML-BM-6,AML-BM,yes
0.007272727,0.010481283,0.023315508,0.004919786,0.008342246,0.013048128,0.006631016,AML-BM-7,AML-BM,yes
0.094644167,0.011640988,0.005527024,0.005527024,0.00714111,0.003521643,0.00885302,AML-BM-8,AML-BM,no
0.00972393,0.015983011,0.013412317,0.002794233,0.010506315,0.002906002,0.006370851,AML-BM-9,AML-BM,NA
0.020993344,0.010525118,0.004551402,0.010809581,0.010582011,0.004835865,0.011492291,AML-BM-10,AML-BM,no
0.008269808,0.00970201,0.004943405,0.005544006,0.006837607,0.004250404,0.019404019,AML-BM-11,AML-BM,no
0.013856813,0.009897724,0.008248103,0.012207192,0.007588255,0.007918179,0.006598482,AML-BM-12,AML-BM,no
0.006096839,0.00905647,0.005978454,0.007813425,0.01586362,0.016810702,0.00680715,AML-BM-13,AML-BM,no
0.01905,0.00605,0.00225,0.0046,0.0067,0.002925,0.0049,AML-BM-14,AML-BM,no
0.011630559,0.010718358,0.007126568,0.007069555,0.019099202,0.003648803,0.008323831,AML-BM-15,AML-BM,yes
0.048128342,0.007687166,0.003509358,0.013034759,0.009358289,0.004010695,0.00651738,AML-BM-16,AML-BM,yes
0.003375,0.00435,0.047125,0.158275,0.004525,0.001825,0.00195,AML-BM-17,AML-BM,yes
0.013644572,0.009698348,0.03812454,0.007892449,0.009430807,0.005083272,0.006688516,AML-BM-18,AML-BM,yes
0.011813445,0.059941095,0.005178496,0.00589054,0.00831796,0.006246561,0.005631615,AML-BM-19,AML-BM,no
0.01425,0.0092,0.0055,0.008675,0.01215,0.007975,0.006775,AML-BM-20,AML-BM,yes
0.004975,0.006425,0.011175,0.01175,0.00955,0.0096,0.009325,AML-BM-21,AML-BM,no
0.00912511,0.010525895,0.007204034,0.011006163,0.011086208,0.005483071,0.006683743,MDS-BM-1,MDS-BM,NA
0.035663253,0.006251488,0.01684925,0.005388188,0.008126935,0.001696833,0.012294594,MDS-BM-2,MDS-BM,NA
0.008331069,0.007153853,0.082314588,0.006157747,0.008783845,0.004708865,0.008059404,MDS-BM-3,MDS-BM,NA
0.011125,0.00655,0.009425,0.009975,0.011725,0.0039,0.009775,MDS-BM-4,MDS-BM,NA
0.044018817,0.008064516,0.005040323,0.008736559,0.011760753,0.008736559,0.00672043,MDS-BM-5,MDS-BM,yes
0.018189787,0.0114508,0.004109139,0.006930747,0.011094675,0.005615823,0.010574184,MDS-BM-6,MDS-BM,no
0.012782864,0.006045949,0.010191743,0.012782864,0.018137848,0.004318535,0.012091898,MDS-BM-7,MDS-BM,no
0.021497021,0.013986014,0.005439005,0.007899508,0.011784512,0.005957006,0.007640508,MDS-BM-8,MDS-BM,NA
0.012429853,0.009099491,0.007893219,0.010017307,0.01043688,0.00576913,0.011485813,MDS-BM-9,MDS-BM,NA
0.017265516,0.011199253,0.000933271,0.005132991,0.00839944,0.007932804,0.005599627,MDS-BM-10,MDS-BM,NA
0.024473148,0.005438477,0.004078858,0.003399048,0.014276003,0.010197145,0.007477906,MDS-BM-11,MDS-BM,NA
0.014735125,0.010095345,0.010146332,0.008871667,0.012109315,0.005455565,0.015448937,MDS-BM-12,MDS-BM,NA
0.00522916,0.017728811,0.008053466,0.008109393,0.010486284,0.004949526,0.009982942,MDS-BM-13,MDS-BM,no
0.008764569,0.008578089,0.007552448,0.006713287,0.00997669,0.005221445,0.013892774,MDS-BM-14,MDS-BM,NA
0.013656799,0.012214776,0.01051828,0.010815167,0.013571974,0.004326067,0.011960302,MDS-BM-15,MDS-BM,NA
0.003667745,0.004838958,0.006164278,0.005301279,0.008845739,0.003205425,0.006780706,MDS-BM-16,MDS-BM,no
0.007503608,0.005483405,0.034632035,0.006926407,0.00981241,0.006926407,0.008080808,MDS-BM-17,MDS-BM,NA
0.01157458,0.006333261,0.010155056,0.009718279,0.01343088,0.004804542,0.01659751,MDS-BM-18,MDS-BM,no
0.013356419,0.010635667,0.009646302,0.011872372,0.014098442,0.004699481,0.007172891,MDS-BM-19,MDS-BM,NA
0.00420121,0.005909702,0.031565091,0.005097468,0.059153036,0.008906565,0.003809097,MDS-BM-20,MDS-BM,yes
0.114867994,0.014821677,0.002779064,0.006021306,0.003705419,0.000926355,0.003242242,MDS-BM-21,MDS-BM,NA
0.008736559,0.005040323,0.004704301,0.003472222,0.003472222,0.003360215,0.036962366,MDS-BM-22,MDS-BM,NA
0.008984868,0.013240858,0.006147541,0.008827238,0.008354351,0.004571248,0.007250946,MDS-BM-23,MDS-BM,no
0.028253615,0.013904338,0.003670745,0.009788654,0.008120133,0.005116796,0.005561735,MDS-BM-24,MDS-BM,NA
0.012695652,0.007304348,0.026434783,0.00626087,0.012347826,0.006956522,0.009217391,MDS-BM-25,MDS-BM,NA
0.01815,0.00945,0.00465,0.008425,0.007775,0.004375,0.007475,HC-PB-1,HC-PB,yes
0.02265,0.010425,0.003925,0.00745,0.0093,0.00405,0.0066,HC-PB-2,HC-PB,yes
0.022325,0.0117,0.004025,0.007925,0.008175,0.0045,0.0074,HC-PB-3,HC-PB,no
0.014875,0.007875,0.00455,0.010075,0.008075,0.00455,0.004625,HC-PB-4,HC-PB,yes
0.01535,0.008325,0.0036,0.007475,0.006,0.004275,0.006,HC-PB-5,HC-PB,yes
0.019075,0.012925,0.00525,0.0068,0.00745,0.0029,0.007925,HC-PB-6,HC-PB,yes
0.018425,0.009025,0.005275,0.006875,0.008075,0.005675,0.00645,HC-PB-7,HC-PB,no
0.015725,0.00985,0.004175,0.0079,0.007775,0.00395,0.00585,HC-PB-8,HC-PB,yes
0.0134,0.0093,0.007225,0.0095,0.009025,0.0037,0.00735,HC-PB-9,HC-PB,yes
0.022975,0.0099,0.006,0.006975,0.0087,0.00375,0.006525,HC-PB-10,HC-PB,yes
0.0232,0.006275,0.00295,0.0075,0.011075,0.0036,0.005225,HC-PB-11,HC-PB,yes
0.015825,0.0092,0.004525,0.0057,0.017125,0.004425,0.0049,HC-PB-12,HC-PB,no
0.0173,0.0085,0.0035,0.00675,0.00635,0.004,0.0057,HC-PB-13,HC-PB,yes
0.011375,0.0089,0.0068,0.006925,0.0063,0.0037,0.00835,HC-PB-14,HC-PB,no
0.018975,0.0085,0.00445,0.008225,0.008775,0.0043,0.008175,HC-PB-15,HC-PB,no
0.01745,0.0101,0.0048,0.007525,0.009325,0.004775,0.0071,HC-PB-16,HC-PB,no
0.0085,0.00675,0.00455,0.0078,0.009425,0.003425,0.004575,HC-PB-17,HC-PB,no
0.0213,0.010875,0.003475,0.0072,0.0122,0.004175,0.0075,HC-PB-18,HC-PB,yes
0.010925,0.007225,0.005425,0.007825,0.008975,0.0044,0.0061,HC-PB-19,HC-PB,yes
0.0118,0.008075,0.00385,0.007525,0.006925,0.0051,0.00615,HC-PB-20,HC-PB,no
0.0079,0.00755,0.004775,0.006925,0.00895,0.0041,0.0062,HC-PB-21,HC-PB,yes
0.0097,0.006125,0.005325,0.0071,0.0077,0.005025,0.006775,HC-PB-22,HC-PB,no
0.021725,0.0103,0.00285,0.008925,0.00625,0.005125,0.00775,HC-PB-23,HC-PB,no
0.014125,0.007125,0.002725,0.007475,0.00825,0.004075,0.0058,HC-PB-24,HC-PB,no
0.018325,0.0084,0.004175,0.0059,0.009175,0.003925,0.006325,HC-PB-25,HC-PB,yes
0.009125,0.00645,0.00445,0.00755,0.009325,0.00425,0.00485,HC-PB-26,HC-PB,yes
0.01505,0.008225,0.005025,0.008325,0.006575,0.0037,0.005125,HC-PB-27,HC-PB,yes
0.0276,0.026475,0.00385,0.00455,0.005675,0.00415,0.0458,HC-PB-28,HC-PB,no
0.005425,0.007525,0.004225,0.005575,0.006225,0.0029,0.004925,HC-PB-29,HC-PB,yes
0.009425,0.00885,0.004025,0.00565,0.008375,0.0038,0.00365,HC-PB-30,HC-PB,yes
0.012075,0.007325,0.003625,0.008025,0.007725,0.00375,0.00465,HC-PB-31,HC-PB,yes
0.01395,0.008625,0.00435,0.006975,0.006125,0.00295,0.0056,HC-PB-32,HC-PB,no
0.006175,0.006225,0.004375,0.0082,0.007375,0.003525,0.00545,HC-PB-33,HC-PB,no
0.016425,0.0075,0.0024,0.008925,0.006925,0.00525,0.005075,HC-PB-34,HC-PB,no
0.00495,0.005125,0.00685,0.0063,0.01015,0.004375,0.00725,HC-PB-35,HC-PB,no
0.0101,0.00815,0.0049,0.007525,0.007025,0.00465,0.004875,HC-PB-36,HC-PB,yes
0.0179,0.010025,0.00375,0.008425,0.009475,0.00405,0.0072,HC-PB-37,HC-PB,yes
0.02765,0.0087,0.00505,0.0075,0.006575,0.0038,0.005,HC-PB-38,HC-PB,no
0.007025,0.006475,0.005425,0.007175,0.007125,0.005,0.00595,HC-PB-39,HC-PB,yes
0.018575,0.008075,0.004575,0.0082,0.007825,0.003375,0.005,HC-PB-40,HC-PB,yes